FigurePath,RunTag,Experiment,ModelName,ModelLabel,FeatureConfig,ConfigLabel,RunId,CaseGroup,SampleId,Country,Date,Location,Threshold,Dice,IoU,Precision,Recall,GTPixels,PredPixels,AreaRatio,TP,FP,FN,PredictedPositiveFraction
/data/users/kabasmen/MethaneProjectTFM/Outputs/ResultsChapter_101622_101840/Figures/ChapterPredictionPanels/FigureChapterFixedComparisonCase01.png,101622,Experimento 1,SimpleUNet,U-Net simple,ConfigB,Configuración B,SimpleUNet_Bs4Ep30_D005_LR1e4_DatedFull,FixedComparisonCases,ea90fc30-428a-4c09-a7eb-aac47d75acd8,Iran (Islamic Republic of),2025-03-09,EMIT_CH4_PlumeComplex-105,0.5,0.3838383850831547,0.2375000019062499,0.2375000019062499,1.0,95,400,4.2105263157894735,95,305,0,0.01
/data/users/kabasmen/MethaneProjectTFM/Outputs/ResultsChapter_101622_101840/Figures/ChapterPredictionPanels/FigureChapterFixedComparisonCase01.png,101622,Experimento 2,EnhancedUNet,U-Net mejorada,ConfigB,Configuración B,EnhancedUNet_Bs4Ep30_D005_LR1e4_DatedFull,FixedComparisonCases,ea90fc30-428a-4c09-a7eb-aac47d75acd8,Iran (Islamic Republic of),2025-03-09,EMIT_CH4_PlumeComplex-105,0.5,0.2861445793883365,0.1669595796714242,0.1669595796714242,1.0,95,569,5.989473684210527,95,474,0,0.014225
/data/users/kabasmen/MethaneProjectTFM/Outputs/ResultsChapter_101622_101840/Figures/ChapterPredictionPanels/FigureChapterFixedComparisonCase01.png,101622,Experimento 3,TransformerUNet,U-Net Transformer,ConfigB,Configuración B,TransformerUNet_Bs4Ep30_TL2_D005_LR1e4_DatedFull,FixedComparisonCases,ea90fc30-428a-4c09-a7eb-aac47d75acd8,Iran (Islamic Republic of),2025-03-09,EMIT_CH4_PlumeComplex-105,0.5,0.2679830757856374,0.154723128412503,0.154723128412503,1.0,95,614,6.463157894736842,95,519,0,0.01535
/data/users/kabasmen/MethaneProjectTFM/Outputs/ResultsChapter_101622_101840/Figures/ChapterPredictionPanels/FigureChapterFixedComparisonCase01.png,101840,Experimento 4,TransformerPlus,TransformerPlus,ConfigB,Configuración B,TransformerUNet_Bs4Ep50_TL4_TH4_SE_D010_LR5e5_TransformerPlus,FixedComparisonCases,ea90fc30-428a-4c09-a7eb-aac47d75acd8,Iran (Islamic Republic of),2025-03-09,EMIT_CH4_PlumeComplex-105,0.5,0.4822335038521992,0.3177257547902148,0.3177257547902148,1.0,95,299,3.1473684210526316,95,204,0,0.007475
/data/users/kabasmen/MethaneProjectTFM/Outputs/ResultsChapter_101622_101840/Figures/ChapterPredictionPanels/FigureChapterFixedComparisonCase01.png,101622,Experimento 1,SimpleUNet,U-Net simple,ConfigC,Configuración C,SimpleUNet_Bs4Ep30_D005_LR1e4_DatedFull,FixedComparisonCases,ea90fc30-428a-4c09-a7eb-aac47d75acd8,Iran (Islamic Republic of),2025-03-09,EMIT_CH4_PlumeComplex-105,0.5,0.3884297533296906,0.2410256429717291,0.2416452461654363,0.9894736843213296,95,389,4.094736842105263,94,295,1,0.009725
/data/users/kabasmen/MethaneProjectTFM/Outputs/ResultsChapter_101622_101840/Figures/ChapterPredictionPanels/FigureChapterFixedComparisonCase01.png,101622,Experimento 2,EnhancedUNet,U-Net mejorada,ConfigC,Configuración C,EnhancedUNet_Bs4Ep30_D005_LR1e4_DatedFull,FixedComparisonCases,ea90fc30-428a-4c09-a7eb-aac47d75acd8,Iran (Islamic Republic of),2025-03-09,EMIT_CH4_PlumeComplex-105,0.5,0.2051282080398234,0.1142857179008746,0.1573033755207675,0.2947368495290858,95,178,1.8736842105263158,28,150,67,0.00445
/data/users/kabasmen/MethaneProjectTFM/Outputs/ResultsChapter_101622_101840/Figures/ChapterPredictionPanels/FigureChapterFixedComparisonCase01.png,101622,Experimento 3,TransformerUNet,U-Net Transformer,ConfigC,Configuración C,TransformerUNet_Bs4Ep30_TL2_D005_LR1e4_DatedFull,FixedComparisonCases,ea90fc30-428a-4c09-a7eb-aac47d75acd8,Iran (Islamic Republic of),2025-03-09,EMIT_CH4_PlumeComplex-105,0.5,0.3792415182051067,0.233990149669975,0.233990149669975,1.0,95,406,4.273684210526316,95,311,0,0.01015
/data/users/kabasmen/MethaneProjectTFM/Outputs/ResultsChapter_101622_101840/Figures/ChapterPredictionPanels/FigureChapterFixedComparisonCase01.png,101840,Experimento 4,TransformerPlus,TransformerPlus,ConfigC,Configuración C,TransformerUNet_Bs4Ep50_TL4_TH4_SE_D010_LR5e5_TransformerPlus,FixedComparisonCases,ea90fc30-428a-4c09-a7eb-aac47d75acd8,Iran (Islamic Republic of),2025-03-09,EMIT_CH4_PlumeComplex-105,0.5,1.3333333315555555e-09,1.3333333315555555e-09,1.526717554921042e-09,1.052631567867036e-08,95,655,6.894736842105263,0,655,95,0.016375
/data/users/kabasmen/MethaneProjectTFM/Outputs/ResultsChapter_101622_101840/Figures/ChapterPredictionPanels/FigureChapterFixedComparisonCase02.png,101622,Experimento 1,SimpleUNet,U-Net simple,ConfigB,Configuración B,SimpleUNet_Bs4Ep30_D005_LR1e4_DatedFull,FixedComparisonCases,365a3850-e629-476a-83cf-dc4ef3355295,Algeria,2025-03-14,A_26,0.5,0.2777777794495885,0.161290324835241,0.1785714310161564,0.62500000390625,96,336,3.5,60,276,36,0.0084
/data/users/kabasmen/MethaneProjectTFM/Outputs/ResultsChapter_101622_101840/Figures/ChapterPredictionPanels/FigureChapterFixedComparisonCase02.png,101622,Experimento 2,EnhancedUNet,U-Net mejorada,ConfigB,Configuración B,EnhancedUNet_Bs4Ep30_D005_LR1e4_DatedFull,FixedComparisonCases,365a3850-e629-476a-83cf-dc4ef3355295,Algeria,2025-03-14,A_26,0.5,0.1291338596391592,0.0690235705908694,0.0760667920666664,0.4270833393012152,96,539,5.614583333333333,41,498,55,0.013475
/data/users/kabasmen/MethaneProjectTFM/Outputs/ResultsChapter_101622_101840/Figures/ChapterPredictionPanels/FigureChapterFixedComparisonCase02.png,101622,Experimento 3,TransformerUNet,U-Net Transformer,ConfigB,Configuración B,TransformerUNet_Bs4Ep30_TL2_D005_LR1e4_DatedFull,FixedComparisonCases,365a3850-e629-476a-83cf-dc4ef3355295,Algeria,2025-03-14,A_26,0.5,0.3352601168877454,0.2013888907375257,0.205673760743088,0.9062500009765624,96,423,4.40625,87,336,9,0.010575
/data/users/kabasmen/MethaneProjectTFM/Outputs/ResultsChapter_101622_101840/Figures/ChapterPredictionPanels/FigureChapterFixedComparisonCase02.png,101840,Experimento 4,TransformerPlus,TransformerPlus,ConfigB,Configuración B,TransformerUNet_Bs4Ep50_TL4_TH4_SE_D010_LR5e5_TransformerPlus,FixedComparisonCases,365a3850-e629-476a-83cf-dc4ef3355295,Algeria,2025-03-14,A_26,0.5,0.150674068873375,0.0814751294326971,0.0815450651660557,0.9895833334418402,96,1165,12.135416666666666,95,1070,1,0.029125
/data/users/kabasmen/MethaneProjectTFM/Outputs/ResultsChapter_101622_101840/Figures/ChapterPredictionPanels/FigureChapterFixedComparisonCase02.png,101622,Experimento 1,SimpleUNet,U-Net simple,ConfigC,Configuración C,SimpleUNet_Bs4Ep30_D005_LR1e4_DatedFull,FixedComparisonCases,365a3850-e629-476a-83cf-dc4ef3355295,Algeria,2025-03-14,A_26,0.5,0.1118229475178666,0.0592227026161488,0.0592227026161488,1.0,96,1621,16.885416666666668,96,1525,0,0.040525
/data/users/kabasmen/MethaneProjectTFM/Outputs/ResultsChapter_101622_101840/Figures/ChapterPredictionPanels/FigureChapterFixedComparisonCase02.png,101622,Experimento 2,EnhancedUNet,U-Net mejorada,ConfigC,Configuración C,EnhancedUNet_Bs4Ep30_D005_LR1e4_DatedFull,FixedComparisonCases,365a3850-e629-476a-83cf-dc4ef3355295,Algeria,2025-03-14,A_26,0.5,0.4285714301412873,0.2727272752701843,0.2910447787647582,0.812500001953125,96,268,2.7916666666666665,78,190,18,0.0067
/data/users/kabasmen/MethaneProjectTFM/Outputs/ResultsChapter_101622_101840/Figures/ChapterPredictionPanels/FigureChapterFixedComparisonCase02.png,101622,Experimento 3,TransformerUNet,U-Net Transformer,ConfigC,Configuración C,TransformerUNet_Bs4Ep30_TL2_D005_LR1e4_DatedFull,FixedComparisonCases,365a3850-e629-476a-83cf-dc4ef3355295,Algeria,2025-03-14,A_26,0.5,0.1153358687482028,0.0611970416535325,0.0614035094052607,0.9479166672092014,96,1482,15.4375,91,1391,5,0.03705
/data/users/kabasmen/MethaneProjectTFM/Outputs/ResultsChapter_101622_101840/Figures/ChapterPredictionPanels/FigureChapterFixedComparisonCase02.png,101840,Experimento 4,TransformerPlus,TransformerPlus,ConfigC,Configuración C,TransformerUNet_Bs4Ep50_TL4_TH4_SE_D010_LR5e5_TransformerPlus,FixedComparisonCases,365a3850-e629-476a-83cf-dc4ef3355295,Algeria,2025-03-14,A_26,0.5,0.0134003366609709,0.0067453642382034,0.0079840339161995,0.0416666766493054,96,501,5.21875,4,497,92,0.012525
/data/users/kabasmen/MethaneProjectTFM/Outputs/ResultsChapter_101622_101840/Figures/ChapterPredictionPanels/FigureChapterFixedComparisonCase03.png,101622,Experimento 1,SimpleUNet,U-Net simple,ConfigB,Configuración B,SimpleUNet_Bs4Ep30_D005_LR1e4_DatedFull,FixedComparisonCases,8d2f53e5-76d5-4675-9802-4ed9b6c0551b,Algeria,2025-03-08,A_17,0.5,3.8940809953683486e-10,3.8940809953683486e-10,4.048582994312314e-10,1.0204081528529781e-08,98,2470,25.20408163265306,0,2470,98,0.06175
/data/users/kabasmen/MethaneProjectTFM/Outputs/ResultsChapter_101622_101840/Figures/ChapterPredictionPanels/FigureChapterFixedComparisonCase03.png,101622,Experimento 2,EnhancedUNet,U-Net mejorada,ConfigB,Configuración B,EnhancedUNet_Bs4Ep30_D005_LR1e4_DatedFull,FixedComparisonCases,8d2f53e5-76d5-4675-9802-4ed9b6c0551b,Algeria,2025-03-08,A_17,0.5,5.285412259362888e-10,5.285412259362888e-10,5.574136005811517e-10,1.0204081528529781e-08,98,1794,18.306122448979593,0,1794,98,0.04485
/data/users/kabasmen/MethaneProjectTFM/Outputs/ResultsChapter_101622_101840/Figures/ChapterPredictionPanels/FigureChapterFixedComparisonCase03.png,101622,Experimento 3,TransformerUNet,U-Net Transformer,ConfigB,Configuración B,TransformerUNet_Bs4Ep30_TL2_D005_LR1e4_DatedFull,FixedComparisonCases,8d2f53e5-76d5-4675-9802-4ed9b6c0551b,Algeria,2025-03-08,A_17,0.5,6.086427263489697e-10,6.086427263489697e-10,6.472491905195798e-10,1.0204081528529781e-08,98,1545,15.76530612244898,0,1545,98,0.038625
/data/users/kabasmen/MethaneProjectTFM/Outputs/ResultsChapter_101622_101840/Figures/ChapterPredictionPanels/FigureChapterFixedComparisonCase03.png,101840,Experimento 4,TransformerPlus,TransformerPlus,ConfigB,Configuración B,TransformerUNet_Bs4Ep50_TL4_TH4_SE_D010_LR5e5_TransformerPlus,FixedComparisonCases,8d2f53e5-76d5-4675-9802-4ed9b6c0551b,Algeria,2025-03-08,A_17,0.5,0.015023474640834,0.0075685908195039,0.0078740162362824,0.163265314660558,98,2032,20.73469387755102,16,2016,82,0.0508
/data/users/kabasmen/MethaneProjectTFM/Outputs/ResultsChapter_101622_101840/Figures/ChapterPredictionPanels/FigureChapterFixedComparisonCase03.png,101622,Experimento 1,SimpleUNet,U-Net simple,ConfigC,Configuración C,SimpleUNet_Bs4Ep30_D005_LR1e4_DatedFull,FixedComparisonCases,8d2f53e5-76d5-4675-9802-4ed9b6c0551b,Algeria,2025-03-08,A_17,0.5,5.18941359357062e-10,5.18941359357062e-10,5.467468559066446e-10,1.0204081528529781e-08,98,1829,18.663265306122447,0,1829,98,0.045725
/data/users/kabasmen/MethaneProjectTFM/Outputs/ResultsChapter_101622_101840/Figures/ChapterPredictionPanels/FigureChapterFixedComparisonCase03.png,101622,Experimento 2,EnhancedUNet,U-Net mejorada,ConfigC,Configuración C,EnhancedUNet_Bs4Ep30_D005_LR1e4_DatedFull,FixedComparisonCases,8d2f53e5-76d5-4675-9802-4ed9b6c0551b,Algeria,2025-03-08,A_17,0.5,6.435006430865504e-10,6.435006430865504e-10,6.868131863414743e-10,1.0204081528529781e-08,98,1456,14.857142857142858,0,1456,98,0.0364
/data/users/kabasmen/MethaneProjectTFM/Outputs/ResultsChapter_101622_101840/Figures/ChapterPredictionPanels/FigureChapterFixedComparisonCase03.png,101622,Experimento 3,TransformerUNet,U-Net Transformer,ConfigC,Configuración C,TransformerUNet_Bs4Ep30_TL2_D005_LR1e4_DatedFull,FixedComparisonCases,8d2f53e5-76d5-4675-9802-4ed9b6c0551b,Algeria,2025-03-08,A_17,0.5,4.725897918371504e-10,4.725897918371504e-10,4.955401385056787e-10,1.0204081528529781e-08,98,2018,20.591836734693878,0,2018,98,0.05045
/data/users/kabasmen/MethaneProjectTFM/Outputs/ResultsChapter_101622_101840/Figures/ChapterPredictionPanels/FigureChapterFixedComparisonCase03.png,101840,Experimento 4,TransformerPlus,TransformerPlus,ConfigC,Configuración C,TransformerUNet_Bs4Ep50_TL4_TH4_SE_D010_LR5e5_TransformerPlus,FixedComparisonCases,8d2f53e5-76d5-4675-9802-4ed9b6c0551b,Algeria,2025-03-08,A_17,0.5,7.047216344575605e-10,7.047216344575605e-10,7.570022704337603e-10,1.0204081528529781e-08,98,1321,13.479591836734693,0,1321,98,0.033025
/data/users/kabasmen/MethaneProjectTFM/Outputs/ResultsChapter_101622_101840/Figures/ChapterPredictionPanels/FigureChapterFixedComparisonCase04.png,101622,Experimento 1,SimpleUNet,U-Net simple,ConfigB,Configuración B,SimpleUNet_Bs4Ep30_D005_LR1e4_DatedFull,FixedComparisonCases,63469f68-509c-45de-9a32-d7a9b525b5df,Turkmenistan,2025-03-05,T_24,0.5,0.6788732395873835,0.5138592753988207,0.5138592753988207,1.0,723,1407,1.946058091286307,723,684,0,0.035175
/data/users/kabasmen/MethaneProjectTFM/Outputs/ResultsChapter_101622_101840/Figures/ChapterPredictionPanels/FigureChapterFixedComparisonCase04.png,101622,Experimento 2,EnhancedUNet,U-Net mejorada,ConfigB,Configuración B,EnhancedUNet_Bs4Ep30_D005_LR1e4_DatedFull,FixedComparisonCases,63469f68-509c-45de-9a32-d7a9b525b5df,Turkmenistan,2025-03-05,T_24,0.5,0.6882591094695045,0.5246913583914418,0.5426975263027154,0.940525587910753,723,1253,1.7330567081604427,680,573,43,0.031325
/data/users/kabasmen/MethaneProjectTFM/Outputs/ResultsChapter_101622_101840/Figures/ChapterPredictionPanels/FigureChapterFixedComparisonCase04.png,101622,Experimento 3,TransformerUNet,U-Net Transformer,ConfigB,Configuración B,TransformerUNet_Bs4Ep30_TL2_D005_LR1e4_DatedFull,FixedComparisonCases,63469f68-509c-45de-9a32-d7a9b525b5df,Turkmenistan,2025-03-05,T_24,0.5,0.8502072232976867,0.7394438725649394,0.7432712217978559,0.9930843706872968,723,966,1.3360995850622406,718,248,5,0.02415
/data/users/kabasmen/MethaneProjectTFM/Outputs/ResultsChapter_101622_101840/Figures/ChapterPredictionPanels/FigureChapterFixedComparisonCase04.png,101840,Experimento 4,TransformerPlus,TransformerPlus,ConfigB,Configuración B,TransformerUNet_Bs4Ep50_TL4_TH4_SE_D010_LR5e5_TransformerPlus,FixedComparisonCases,63469f68-509c-45de-9a32-d7a9b525b5df,Turkmenistan,2025-03-05,T_24,0.5,0.74148061119772,0.5891690013173024,0.6445352404039476,0.8727524206462622,723,979,1.3540802213001384,631,348,92,0.024475
/data/users/kabasmen/MethaneProjectTFM/Outputs/ResultsChapter_101622_101840/Figures/ChapterPredictionPanels/FigureChapterFixedComparisonCase04.png,101622,Experimento 1,SimpleUNet,U-Net simple,ConfigC,Configuración C,SimpleUNet_Bs4Ep30_D005_LR1e4_DatedFull,FixedComparisonCases,63469f68-509c-45de-9a32-d7a9b525b5df,Turkmenistan,2025-03-05,T_24,0.5,0.7267960148260115,0.5708401980470839,0.585304054404304,0.9585062241237812,723,1184,1.6376210235131397,693,491,30,0.0296
/data/users/kabasmen/MethaneProjectTFM/Outputs/ResultsChapter_101622_101840/Figures/ChapterPredictionPanels/FigureChapterFixedComparisonCase04.png,101622,Experimento 2,EnhancedUNet,U-Net mejorada,ConfigC,Configuración C,EnhancedUNet_Bs4Ep30_D005_LR1e4_DatedFull,FixedComparisonCases,63469f68-509c-45de-9a32-d7a9b525b5df,Turkmenistan,2025-03-05,T_24,0.5,0.7152385840352804,0.5567092655297848,0.5685154979049628,0.9640387275739436,723,1226,1.6957123098201936,697,529,26,0.03065
/data/users/kabasmen/MethaneProjectTFM/Outputs/ResultsChapter_101622_101840/Figures/ChapterPredictionPanels/FigureChapterFixedComparisonCase04.png,101622,Experimento 3,TransformerUNet,U-Net Transformer,ConfigC,Configuración C,TransformerUNet_Bs4Ep30_TL2_D005_LR1e4_DatedFull,FixedComparisonCases,63469f68-509c-45de-9a32-d7a9b525b5df,Turkmenistan,2025-03-05,T_24,0.5,0.7958921695790165,0.6609808105959692,0.7425149703682455,0.8575380361583153,723,835,1.1549100968188104,620,215,103,0.020875
/data/users/kabasmen/MethaneProjectTFM/Outputs/ResultsChapter_101622_101840/Figures/ChapterPredictionPanels/FigureChapterFixedComparisonCase04.png,101840,Experimento 4,TransformerPlus,TransformerPlus,ConfigC,Configuración C,TransformerUNet_Bs4Ep50_TL4_TH4_SE_D010_LR5e5_TransformerPlus,FixedComparisonCases,63469f68-509c-45de-9a32-d7a9b525b5df,Turkmenistan,2025-03-05,T_24,0.5,0.6502095949463393,0.481711525547473,0.4901685396838703,0.9654218534364843,723,1424,1.9695712309820195,698,726,25,0.0356
/data/users/kabasmen/MethaneProjectTFM/Outputs/ResultsChapter_101622_101840/Figures/ChapterPredictionPanels/FigureChapterIndividual01BestPredictionsSimpleUNetConfigB.png,101622,Experimento 1,SimpleUNet,U-Net simple,ConfigB,Configuración B,SimpleUNet_Bs4Ep30_D005_LR1e4_DatedFull,Mejor predicción,5ca5c35e-073a-45d2-9999-ee690a0ba556,United States of America,2025-03-10,PB_K_0001,0.5,0.9425156517117156,0.891280947372141,0.9398410897391134,0.9452054795146057,876,881,1.0057077625570776,828,53,48,0.022025
/data/users/kabasmen/MethaneProjectTFM/Outputs/ResultsChapter_101622_101840/Figures/ChapterPredictionPanels/FigureChapterIndividual02ErrorCasesSimpleUNetConfigB.png,101622,Experimento 1,SimpleUNet,U-Net simple,ConfigB,Configuración B,SimpleUNet_Bs4Ep30_D005_LR1e4_DatedFull,Caso de error,3a86005a-3926-4eeb-8b85-59933bd52bfe,Turkmenistan,2025-03-07,T_1,0.5,0.4616622768904256,0.3001046324265096,0.7502972652199055,0.3334037832258898,9463,4205,0.44436225298531123,3155,1050,6308,0.105125
/data/users/kabasmen/MethaneProjectTFM/Outputs/ResultsChapter_101622_101840/Figures/ChapterPredictionPanels/FigureChapterIndividual03WorstPredictionsSimpleUNetConfigB.png,101622,Experimento 1,SimpleUNet,U-Net simple,ConfigB,Configuración B,SimpleUNet_Bs4Ep30_D005_LR1e4_DatedFull,Predicción deficiente,1f74ef25-24aa-435d-b707-003a81d62a21,Turkmenistan,2025-03-07,T_7,0.5,4.288164663684321e-10,4.288164663684321e-10,2.71739129696361e-09,5.091649691908528e-10,1964,368,0.18737270875763748,0,368,1964,0.0092
/data/users/kabasmen/MethaneProjectTFM/Outputs/ResultsChapter_101622_101840/Figures/ChapterPredictionPanels/FigureChapterIndividual04BestPredictionsSimpleUNetConfigC.png,101622,Experimento 1,SimpleUNet,U-Net simple,ConfigC,Configuración C,SimpleUNet_Bs4Ep30_D005_LR1e4_DatedFull,Mejor predicción,ea35fc33-3b7a-434e-bed8-c22680100bbb,Turkmenistan,2025-03-08,Te_N_13,0.5,0.9386774560704668,0.8844412675996088,0.9801954053392672,0.9005337215185507,4122,3787,0.9187287724405628,3712,75,410,0.094675
/data/users/kabasmen/MethaneProjectTFM/Outputs/ResultsChapter_101622_101840/Figures/ChapterPredictionPanels/FigureChapterIndividual05ErrorCasesSimpleUNetConfigC.png,101622,Experimento 1,SimpleUNet,U-Net simple,ConfigC,Configuración C,SimpleUNet_Bs4Ep30_D005_LR1e4_DatedFull,Caso de error,d32d208e-5921-4543-b191-6f278884bc2d,Turkmenistan,2025-03-06,T_1,0.5,0.353980705134435,0.2150525855373518,0.8705099778844746,0.2221593482093527,8836,2255,0.25520597555454955,1963,292,6873,0.056375
/data/users/kabasmen/MethaneProjectTFM/Outputs/ResultsChapter_101622_101840/Figures/ChapterPredictionPanels/FigureChapterIndividual06WorstPredictionsSimpleUNetConfigC.png,101622,Experimento 1,SimpleUNet,U-Net simple,ConfigC,Configuración C,SimpleUNet_Bs4Ep30_D005_LR1e4_DatedFull,Predicción deficiente,d283104f-de72-4b6e-8451-d1787ca573b2,Algeria,2025-03-06,A_13,0.5,3.9385584860423166e-10,3.9385584860423166e-10,1.12866817028367e-09,6.049606771899813e-10,1653,886,0.5359951603145795,0,886,1653,0.02215
/data/users/kabasmen/MethaneProjectTFM/Outputs/ResultsChapter_101622_101840/Figures/ChapterPredictionPanels/FigureChapterIndividual07BestPredictionsEnhancedUNetConfigB.png,101622,Experimento 2,EnhancedUNet,U-Net mejorada,ConfigB,Configuración B,EnhancedUNet_Bs4Ep30_D005_LR1e4_DatedFull,Mejor predicción,cf859ba5-9c8b-4474-ac5f-7bf079dda241,Algeria,2025-03-07,P2,0.5,0.945270672235196,0.8962210942491703,0.9583835947175008,0.9325117371288076,1704,1658,0.9730046948356808,1589,69,115,0.04145
/data/users/kabasmen/MethaneProjectTFM/Outputs/ResultsChapter_101622_101840/Figures/ChapterPredictionPanels/FigureChapterIndividual08ErrorCasesEnhancedUNetConfigB.png,101622,Experimento 2,EnhancedUNet,U-Net mejorada,ConfigB,Configuración B,EnhancedUNet_Bs4Ep30_D005_LR1e4_DatedFull,Caso de error,d32d208e-5921-4543-b191-6f278884bc2d,Turkmenistan,2025-03-06,T_1,0.5,0.5246601328229007,0.3556198436348848,0.8697589098873797,0.3756224536695764,8836,3816,0.43186962426437303,3319,497,5517,0.0954
/data/users/kabasmen/MethaneProjectTFM/Outputs/ResultsChapter_101622_101840/Figures/ChapterPredictionPanels/FigureChapterIndividual09WorstPredictionsEnhancedUNetConfigB.png,101622,Experimento 2,EnhancedUNet,U-Net mejorada,ConfigB,Configuración B,EnhancedUNet_Bs4Ep30_D005_LR1e4_DatedFull,Predicción deficiente,c80e9137-347b-4e8a-bc86-18cb5b73eec6,Kazakhstan,2025-03-05,K_7,0.5,3.1928480194147995e-10,3.1928480194147995e-10,3.716090671231479e-10,2.267573691003234e-09,441,2691,6.1020408163265305,0,2691,441,0.067275
/data/users/kabasmen/MethaneProjectTFM/Outputs/ResultsChapter_101622_101840/Figures/ChapterPredictionPanels/FigureChapterIndividual10BestPredictionsEnhancedUNetConfigC.png,101622,Experimento 2,EnhancedUNet,U-Net mejorada,ConfigC,Configuración C,EnhancedUNet_Bs4Ep30_D005_LR1e4_DatedFull,Mejor predicción,7e633c39-a882-4ddf-babf-e8190902eaeb,Turkmenistan,2025-03-08,T_14,0.5,0.9365524986319188,0.8806758184998144,0.955326460532272,0.918502202732927,908,873,0.961453744493392,834,39,74,0.021825
/data/users/kabasmen/MethaneProjectTFM/Outputs/ResultsChapter_101622_101840/Figures/ChapterPredictionPanels/FigureChapterIndividual11ErrorCasesEnhancedUNetConfigC.png,101622,Experimento 2,EnhancedUNet,U-Net mejorada,ConfigC,Configuración C,EnhancedUNet_Bs4Ep30_D005_LR1e4_DatedFull,Caso de error,3a86005a-3926-4eeb-8b85-59933bd52bfe,Turkmenistan,2025-03-07,T_1,0.5,0.5865619675837794,0.4149895178810283,0.9809217046628044,0.4183662686866357,9463,4036,0.4265032230793617,3959,77,5504,0.1009
/data/users/kabasmen/MethaneProjectTFM/Outputs/ResultsChapter_101622_101840/Figures/ChapterPredictionPanels/FigureChapterIndividual12WorstPredictionsEnhancedUNetConfigC.png,101622,Experimento 2,EnhancedUNet,U-Net mejorada,ConfigC,Configuración C,EnhancedUNet_Bs4Ep30_D005_LR1e4_DatedFull,Predicción deficiente,9b5db8ec-0e96-4215-907d-691b33a9a13a,Algeria,2025-03-05,A_8,0.5,2.9770765099800305e-10,2.9770765099800305e-10,1.0638297861023088e-09,4.1339396427722446e-10,2419,940,0.38859032658123194,0,940,2419,0.0235
/data/users/kabasmen/MethaneProjectTFM/Outputs/ResultsChapter_101622_101840/Figures/ChapterPredictionPanels/FigureChapterIndividual13BestPredictionsTransformerUNetConfigB.png,101622,Experimento 3,TransformerUNet,U-Net Transformer,ConfigB,Configuración B,TransformerUNet_Bs4Ep30_TL2_D005_LR1e4_DatedFull,Mejor predicción,eec4b886-46cd-4f9e-acc1-928bf47dddb8,Turkmenistan,2025-03-14,T_EMIT_227,0.5,0.9533531830492906,0.910864264451134,0.9586541203425566,0.948110547109952,3546,3507,0.9890016920473773,3362,145,184,0.087675
/data/users/kabasmen/MethaneProjectTFM/Outputs/ResultsChapter_101622_101840/Figures/ChapterPredictionPanels/FigureChapterIndividual14ErrorCasesTransformerUNetConfigB.png,101622,Experimento 3,TransformerUNet,U-Net Transformer,ConfigB,Configuración B,TransformerUNet_Bs4Ep30_TL2_D005_LR1e4_DatedFull,Caso de error,3a86005a-3926-4eeb-8b85-59933bd52bfe,Turkmenistan,2025-03-07,T_1,0.5,0.4220303080151515,0.2674514664118699,0.9213802917391034,0.2736975589904155,9463,2811,0.2970516749445208,2590,221,6873,0.070275
/data/users/kabasmen/MethaneProjectTFM/Outputs/ResultsChapter_101622_101840/Figures/ChapterPredictionPanels/FigureChapterIndividual15WorstPredictionsTransformerUNetConfigB.png,101622,Experimento 3,TransformerUNet,U-Net Transformer,ConfigB,Configuración B,TransformerUNet_Bs4Ep30_TL2_D005_LR1e4_DatedFull,Predicción deficiente,d43ef731-cfe7-4f2c-8d06-f18a322d490b,Kuwait,2025-03-09,KWT_0001,0.5,3.427004796632281e-10,3.427004796632281e-10,1.2936610591285107e-09,4.662004659831233e-10,2145,773,0.36037296037296035,0,773,2145,0.019325
/data/users/kabasmen/MethaneProjectTFM/Outputs/ResultsChapter_101622_101840/Figures/ChapterPredictionPanels/FigureChapterIndividual16BestPredictionsTransformerUNetConfigC.png,101622,Experimento 3,TransformerUNet,U-Net Transformer,ConfigC,Configuración C,TransformerUNet_Bs4Ep30_TL2_D005_LR1e4_DatedFull,Mejor predicción,ea35fc33-3b7a-434e-bed8-c22680100bbb,Turkmenistan,2025-03-08,Te_N_13,0.5,0.9533007335020416,0.910768512050743,0.9608181370229624,0.9459000485332604,4122,4058,0.9844735565259582,3899,159,223,0.10145
/data/users/kabasmen/MethaneProjectTFM/Outputs/ResultsChapter_101622_101840/Figures/ChapterPredictionPanels/FigureChapterIndividual17ErrorCasesTransformerUNetConfigC.png,101622,Experimento 3,TransformerUNet,U-Net Transformer,ConfigC,Configuración C,TransformerUNet_Bs4Ep30_TL2_D005_LR1e4_DatedFull,Caso de error,d32d208e-5921-4543-b191-6f278884bc2d,Turkmenistan,2025-03-06,T_1,0.5,0.4204003015308266,0.2661435691585045,0.8083735910440021,0.2840651879488382,8836,3105,0.351403349932096,2510,595,6326,0.077625
/data/users/kabasmen/MethaneProjectTFM/Outputs/ResultsChapter_101622_101840/Figures/ChapterPredictionPanels/FigureChapterIndividual18WorstPredictionsTransformerUNetConfigC.png,101622,Experimento 3,TransformerUNet,U-Net Transformer,ConfigC,Configuración C,TransformerUNet_Bs4Ep30_TL2_D005_LR1e4_DatedFull,Predicción deficiente,d283104f-de72-4b6e-8451-d1787ca573b2,Algeria,2025-03-06,A_13,0.5,3.3829499311965665e-10,3.3829499311965665e-10,7.674597077763162e-10,6.049606771899813e-10,1653,1303,0.7882637628554144,0,1303,1653,0.032575
/data/users/kabasmen/MethaneProjectTFM/Outputs/ResultsChapter_101622_101840/Figures/ChapterPredictionPanels/FigureChapterIndividual19BestPredictionsTransformerPlusConfigB.png,101840,Experimento 4,TransformerPlus,TransformerPlus,ConfigB,Configuración B,TransformerUNet_Bs4Ep50_TL4_TH4_SE_D010_LR5e5_TransformerPlus,Mejor predicción,92010314-21bc-4330-94cb-6a4a058f3f81,Algeria,2025-03-06,A_5,0.5,0.954238743718042,0.9124824026484084,0.9524859172293692,0.9559980334424784,4068,4083,1.0036873156342183,3889,194,179,0.102075
/data/users/kabasmen/MethaneProjectTFM/Outputs/ResultsChapter_101622_101840/Figures/ChapterPredictionPanels/FigureChapterIndividual20ErrorCasesTransformerPlusConfigB.png,101840,Experimento 4,TransformerPlus,TransformerPlus,ConfigB,Configuración B,TransformerUNet_Bs4Ep50_TL4_TH4_SE_D010_LR5e5_TransformerPlus,Caso de error,d32d208e-5921-4543-b191-6f278884bc2d,Turkmenistan,2025-03-06,T_1,0.5,0.4948207171717274,0.3287453679906039,0.8360258481863151,0.3514033500054998,8836,3714,0.4203259393390675,3105,609,5731,0.09285
/data/users/kabasmen/MethaneProjectTFM/Outputs/ResultsChapter_101622_101840/Figures/ChapterPredictionPanels/FigureChapterIndividual21WorstPredictionsTransformerPlusConfigB.png,101840,Experimento 4,TransformerPlus,TransformerPlus,ConfigB,Configuración B,TransformerUNet_Bs4Ep50_TL4_TH4_SE_D010_LR5e5_TransformerPlus,Predicción deficiente,1f74ef25-24aa-435d-b707-003a81d62a21,Turkmenistan,2025-03-07,T_7,0.5,4.3327556307050446e-10,4.3327556307050446e-10,2.9069767357355326e-09,5.091649691908528e-10,1964,344,0.17515274949083504,0,344,1964,0.0086
/data/users/kabasmen/MethaneProjectTFM/Outputs/ResultsChapter_101622_101840/Figures/ChapterPredictionPanels/FigureChapterIndividual22BestPredictionsTransformerPlusConfigC.png,101840,Experimento 4,TransformerPlus,TransformerPlus,ConfigC,Configuración C,TransformerUNet_Bs4Ep50_TL4_TH4_SE_D010_LR5e5_TransformerPlus,Mejor predicción,ea35fc33-3b7a-434e-bed8-c22680100bbb,Turkmenistan,2025-03-08,Te_N_13,0.5,0.955566406255424,0.9149135110063314,0.9616707616801792,0.9495390587216062,4122,4070,0.987384764677341,3914,156,208,0.10175
/data/users/kabasmen/MethaneProjectTFM/Outputs/ResultsChapter_101622_101840/Figures/ChapterPredictionPanels/FigureChapterIndividual23ErrorCasesTransformerPlusConfigC.png,101840,Experimento 4,TransformerPlus,TransformerPlus,ConfigC,Configuración C,TransformerUNet_Bs4Ep50_TL4_TH4_SE_D010_LR5e5_TransformerPlus,Caso de error,d32d208e-5921-4543-b191-6f278884bc2d,Turkmenistan,2025-03-06,T_1,0.5,0.3712627506708351,0.2279451463958594,0.8324132492774395,0.2389090086873122,8836,2536,0.2870076957899502,2111,425,6725,0.0634
/data/users/kabasmen/MethaneProjectTFM/Outputs/ResultsChapter_101622_101840/Figures/ChapterPredictionPanels/FigureChapterIndividual24WorstPredictionsTransformerPlusConfigC.png,101840,Experimento 4,TransformerPlus,TransformerPlus,ConfigC,Configuración C,TransformerUNet_Bs4Ep50_TL4_TH4_SE_D010_LR5e5_TransformerPlus,Predicción deficiente,1f74ef25-24aa-435d-b707-003a81d62a21,Turkmenistan,2025-03-07,T_7,0.5,4.3159257642141016e-10,4.3159257642141016e-10,2.832861181776597e-09,5.091649691908528e-10,1964,353,0.17973523421588594,0,353,1964,0.008825
